No,Prefecture,code_pref,Hospital,Corporation,Address,Type,Y,X,Underpopulated,Mountainous,RI,Peninsula,Snowfall,Agricultural
360,香川県,37,小豆島病院,特定医療法人社団　宝樹会,香川県小豆島町池田2519番地の４,3,34.4842442286526,134.230516516206,1,,1,,,
436,鹿児島県,46,せいざん病院,医療法人　純青会,鹿児島県西之表市住吉3363番地2,4,30.6740305914238,130.947604924977,1,,1,,,
195,新潟県,15,佐渡総合病院,新潟県厚生農業協同組合連合会,新潟県佐渡市千種161番地,3,38.0195153246092,138.366706044718,1,,1,,1,
399,長崎県,42,長崎県五島中央病院,,長崎県五島市吉久木町205番地,4,32.690017326398,128.817099625059,1,,1,,,
400,長崎県,42,長崎県上五島病院,,長崎県南松浦郡新上五島町青方郷1549-11,4,32.9827850728982,129.070020389363,1,,1,,,1
402,長崎県,42,長崎県対馬病院,,長崎県対馬市美津島町?知乙1168番7,4,34.2860474819683,129.317324845461,1,,1,,,1
401,長崎県,42,長崎県壱岐病院,,長崎県壱岐市郷ノ浦町東触1626番地,4,33.756350867575,129.709067502479,1,,1,,,
327,島根県,32,隠岐病院,隠岐広域連合,島根県隠岐郡隠岐の島町城北町355,4,36.216256204469,133.31847095405,1,,1,,,1
1,北海道,1,亀田北病院,社会医療法人 文珠会,北海道函館市石川町191番地4,3,41.8360133840621,140.742781697946,1,,,,1,
2,北海道,1,富田病院,特定医療法人 富田病院,北海道函館市駒場町9番18号,3,41.7850116713338,140.773449255616,1,,,,1,
3,北海道,1,函館渡辺病院,社会医療法人 函館博栄会,北海道函館市湯川町1丁目31番1号,3,41.7813331342726,140.785596847669,1,,,,1,
4,北海道,1,江別すずらん病院,医療法人　風のすずらん会,北海道江別市上江別442番15,3,43.0990072693838,141.543846797985,,,,,1,
5,北海道,1,江別市立病院,江別市,北海道江別市若草町6番地,4,43.1117288680575,141.545252204773,,,,,1,
6,北海道,1,千歳病院,医療法人 資生会,北海道千歳市桂木1丁目5番6号,3,42.8199928625889,141.624651940306,,,,,1,
7,北海道,1,小樽市立病院,小樽市,北海道小樽市若松1丁目1番1号,3,43.1855761428443,141.00735671093,1,,,,1,
8,北海道,1,島田脳神経外科,医療法人　たんぽぽ会,北海道小樽市錦町1番2号,4,43.205764990152,140.997600397988,1,,,,1,
9,北海道,1,砂川市立病院,砂川市,北海道砂川市西4条北3丁目1番1号,3,43.4945684879879,141.904736997998,1,,,,2,
10,北海道,1,伊達赤十字病院,日本赤十字社,北海道伊達市末永町81番地,3,42.4753352109282,140.869671455637,,,,,1,
11,北海道,1,三愛病院,医療法人社団　千寿会,北海道登別市中登別町24番地12,3,42.4643979711835,141.167556184472,,,,,1,1
12,北海道,1,恵愛病院,社会医療法人　友愛会,北海道登別市鷲別町2丁目31番地1,3,42.3563566863744,141.048081169127,,,,,1,1
13,北海道,1,ミネルバ病院,医療法人社団　倭会,北海道伊達市松ヶ枝町245番地1,3,42.4837452589986,140.897506126802,,,,,1,
14,北海道,1,道央佐藤病院,医療法人社団　玄洋会,北海道苫小牧市字樽前234番地,3,42.5962054691183,141.426920069134,,,,,1,
15,北海道,1,石井病院,医療法人社団　静和会,北海道新ひだか町静内高砂町3丁目3番1号,3,42.3501269002546,142.364033269127,1,1,,,1,1
16,北海道,1,旭川圭泉会病院,医療法人社団　圭泉会,北海道旭川市東旭川町下兵村252番地,3,43.7787092739405,142.437332348282,,,,,1,
17,北海道,1,相川記念病院,医療法人社団　志恩会,北海道旭川市大町2条14丁目92番地の20,3,43.796192682817,142.348638826842,,,,,1,
18,北海道,1,名寄市立総合病院,名寄市,北海道名寄市西7条南8丁目1番地,3,44.3484819404889,142.451254008372,1,,,,2,
19,北海道,1,北見赤十字病院,日本赤十字社,北海道北見市北6条東2丁目1番地,3,43.8082947138503,143.894568154576,,,,,1,
20,北海道,1,北海道立向陽ヶ丘病院,,北海道網走市向陽ヶ丘1丁目5番1号,3,44.0271746569444,144.254349369179,,,,,1,
21,北海道,1,広域紋別病院,広域紋別病院企業団,北海道紋別市落石町1丁目3番37号,4,44.3617242777907,143.346750784531,1,1,,,1,1
22,北海道,1,大江病院,医療法人社団　博仁会,北海道帯広市西20条南2丁目5番3号,3,42.9201949008773,143.149313040308,,,,,1,
23,北海道,1,釧路孝仁会リハビリテーション病院,社会医療法人　孝仁会,北海道釧路市星が浦大通3丁目9番13号,3,43.0159872930204,144.316094740312,1,,,,1,
24,北海道,1,江村精神科内科病院,医療法人社団　裕敬会,北海道根室市有磯町2丁目25番地,4,43.3328802632597,145.589706569157,1,,,,1,
25,青森県,2,青森県立つくしが丘病院,青森県,青森県青森市大字三内字沢部353-92,3,40.8116487701402,140.68135256908,,,,,2,
26,青森県,2,弘前愛成会病院,一般財団法人　愛成会,青森県弘前市北園1丁目6-2,3,40.5816122714137,140.478743969074,,,,,1,
27,青森県,2,青南病院,医療法人　青仁会,青森県八戸市田面木字赤坂16-3,3,40.5012098295504,141.454443253729,,,,,1,
28,青森県,2,高松病院,医療法人　幸仁会,青森県十和田市大字三本木字里ノ沢1-249,3,40.6254669573948,141.247155711404,,,,,1,
29,青森県,2,つがる総合病院,つがる西北五広域連合,青森県五所川原市字岩木町12-3,4,40.8078517506649,140.44077036908,2,,,1,2,
30,青森県,2,むつ総合病院,一部事務組合下北医療センター,青森県むつ市小川町1丁目2-8,4,41.2935737103288,141.201314169095,,,,1,1,
31,岩手県,3,岩手医科大学附属病院,学校法人　岩手医科大学,岩手県矢巾町医大通二丁目１番１号,1,39.6111460023416,141.163965826716,,,,,1,
32,岩手県,3,宮古山口病院,社団医療法人　新和会,岩手県宮古市山口五丁目３番20号,3,39.6557544514714,141.932115511375,1,,,,1,1
33,岩手県,3,花巻病院,独立行政法人　国立病院機構,岩手県花巻市諏訪500番地,3,39.3699740657267,141.109750384381,,,,,1,
34,岩手県,3,北リアス病院,社団医療法人　祐和会,岩手県久慈市源道12-111,3,40.2004894714752,141.782277097898,,,,,1,1
35,岩手県,3,おとめがわ病院,医療法人社団　創生会,岩手県奥州市水沢佐倉河字慶徳27番地１,3,39.1433060668957,141.148755569032,,,,,1,
36,岩手県,3,岩手県立一戸病院,,岩手県一戸町一戸字砂森60番地１,3,40.2074826090654,141.305015140227,1,,,,1,
37,岩手県,3,岩手県立南光病院,,岩手県一関市狐禅寺字大平17番地,3,38.9361834171029,141.170247069026,2,,,,1,
38,岩手県,3,希望ヶ丘病院,医療法人　希望会,岩手県陸前高田市高田町字大隅８番地６,4,39.0330552697754,141.636950669029,1,,,,1,1
39,岩手県,3,釜石厚生病院,財団医療法人　仁医会,岩手県釜石市野田町一丁目16番32号,4,39.2573790791072,141.827359211364,1,,,,1,1
40,宮城県,4,三峰病院,医療法人　移川哲仁会,宮城県気仙沼市松崎柳沢216-5,3,38.8761075290883,141.55139419786,1,,,,,
41,宮城県,4,こだまホスピタル,医療法人　有恒会,宮城県石巻市山下町2丁目5番7号,3,38.4298434624196,141.291870897984,,,,,,
42,宮城県,4,仙南サナトリウム＋,医療法人社団　蔵王会,宮城県白石市大鷹沢三沢字中山74-10,3,37.9756908002206,140.660239626719,,,,,1,
43,宮城県,4,坂総合クリニック,公益財団法人　宮城厚生協会,宮城県多賀城市下馬2-13-7,4,38.3058506337428,141.015543369056,,,,,,
44,宮城県,4,旭山病院,医療法人　朋心会,宮城県大崎市鹿島台平渡字大沢21-18,3,38.4892687763657,141.092706697898,,,,,,
45,宮城県,4,こころのホスピタル・古川グリーンヒルズ,医療法人　菅野愛生会,宮城県大崎市古川西館三丁目6-60,3,38.5740663178614,140.948789140228,,,,,1,
46,宮城県,4,南浜中央病院,特定医療法人　松涛会,宮城県岩沼市寺島字北新田111番地,3,38.0837051020862,140.919020502116,,,,,,
47,秋田県,5,大館市立総合病院,大館市,秋田県大館市豊町3番1号,3,40.2732756145875,140.555343255637,2,,,,1,
48,秋田県,5,たかのす今村クリニック,医療法人　久幸会,秋田県北秋田市栄字中綱89番5,4,40.2301719894836,140.378358069113,1,1,,,1,1
49,秋田県,5,能代厚生医療センター,秋田県厚生農業協同組合連合会,秋田県能代市落合字上前田地内,3,40.2266524143832,140.023053026786,1,,,,1,
50,秋田県,5,市立秋田総合病院,地方独立行政法人 市立秋田総合病院,秋田県秋田市川元松丘町4番30号,1,39.7119105648903,140.103382811426,,,,,1,
51,秋田県,5,秋田緑ヶ丘病院,医療法人 久盛会,秋田県秋田市飯島字堀川84番地,3,39.7902122836275,140.061222440264,,,,,1,
52,秋田県,5,菅原病院,特定医療法人　荘和会,秋田県由利本荘市石脇字田尻33番地,3,39.3905454382522,140.022654842105,2,,,,1,
53,秋田県,5,秋田県立リハビリテーション・精神医療センター,地方独立行政法人　秋田県立病院機構,秋田県大仙市協和上淀川字五百刈田352番地,3,39.5985929053411,140.29497399793,2,1,,,2,1
54,秋田県,5,横手興生病院,社会医療法人　興生会,秋田県横手市根岸町8番21号,3,39.3178414713497,140.569719811414,2,,,,1,
55,秋田県,5,菅医院,医療法人　せいとく会,秋田県湯沢市小野字東堺77番1号,4,39.0644095837769,140.455521622254,1,,,,2,1
56,山形県,6,篠田総合病院,医療法人　篠田好生会,山形県山形市桜町2-68,3,38.2517184459248,140.331206460242,,,,,1,
57,山形県,6,PFC HOSPITAL,医療法人社団　清明会,山形県新庄市大字福田806,3,38.7421180481183,140.26771106062,,,,,2,
58,山形県,6,佐藤病院,社会医療法人　公徳会,山形県南陽市椚塚948-1,3,38.043767148265,140.172220321466,,,,,2,1
59,山形県,6,日本海総合病院,地方独立行政法人　山形県・酒田市病院機構,山形県酒田市あきほ町30,3,38.8906825417274,139.853907514697,,,,,1,
60,山形県,6,山形病院,独立行政法人　国立病院機構,山形県山形市行才126-2,4,38.2875215803191,140.309071360269,,,,,1,
61,福島県,7,福島県立医科大学,公立大学法人　福島県立医科大学,福島県福島市光が丘１,1,37.6895588964428,140.470835197926,,,,,,
62,福島県,7,枡記念病院,医療法人　辰星会,福島県二本松市住吉100,3,37.5548363086697,140.403956890403,,,,,,
63,福島県,7,あずま通りクリニック,医療法人　湖山荘,福島県福島市栄町1-28　松ヶ丘ビル1階,4,37.7565823331759,140.460311259864,,,,,1,
64,福島県,7,星総合病院,公益財団法人　星総合病院,福島県郡山市向河原町159番1号,3,37.4021399701281,140.392893690288,,,,,,
65,福島県,7,あさかホスピタル,Ｄｏｍａｎｉ（ドマーニ） 社会医療法人　あさかホスピタル,福島県郡山市安積町笹川字経坦４５,3,37.3476170044255,140.363973298172,,,,,,
66,福島県,7,福島県立ふくしま医療センターこころの杜,福島県,福島県西白河郡矢吹町滝八幡100,4,37.2156810016275,140.318997913419,,,,,,
67,福島県,7,竹田綜合病院,一般財団法人　竹田健康財団,福島県会津若松市山鹿町3番27号,3,37.4899786497636,139.922403144317,,,,,1,
68,福島県,7,福島県立南会津病院,福島県,福島県南会津郡南会津町永田字風下14-1,4,37.2064738129418,139.760275674796,1,1,,,1,1
69,福島県,7,雲雀ヶ丘病院,公益財団法人　金森和心会,福島県南相馬市原町区上町1-30,4,37.63050727751,140.951349090461,,1,,,,
70,福島県,7,舞子浜病院,公益財団法人　磐城済世会,福島県いわき市平藤間字川前63-1,3,37.0356701396587,140.970355228631,,,,,,
71,福島県,7,四倉病院,医療法人社団　石福会,福島県いわき市四倉町下仁井田字南追切2-2,4,37.0891060876666,140.973037228671,,,,,,
72,茨城県,8,筑波大学附属病院,国立大学法人　筑波大学,茨城県つくば市天久保2-1-1,1,36.0921631169566,140.102352257618,,,,,,
73,茨城県,8,汐ヶ崎病院,医療法人　碧水会,茨城県水戸市大串町715,3,36.3330613701706,140.539350158803,,,,,,
74,茨城県,8,石崎病院,公益財団法人　報恩会,茨城県東茨城郡茨城町上石崎4698,3,36.3123634146908,140.478499258787,,,,,,
75,茨城県,8,日立梅ヶ丘病院,医療法人　圭愛会,茨城県日立市大久保町2409-3,3,36.5519388332522,140.608851643618,,,,,,
76,茨城県,8,志村大宮病院,医療法人　博仁会,茨城県常陸大宮市上町313,3,36.5492394538634,140.413939458962,,,,,,
77,茨城県,8,栗田病院,医療法人社団　有朋会,茨城県那珂市豊喰505,3,36.4308708005679,140.464538043529,,,,,,
78,茨城県,8,鹿島病院,公益財団法人,茨城県鹿嶋市平井1129-2,3,35.9643410998131,140.661702127842,,,,,,
79,茨城県,8,豊後荘病院,医療法人　新生会,茨城県石岡市部原760-1,3,36.2641188558881,140.221626143406,,,,,,
80,茨城県,8,とよさと病院,医療法人社団　つくば健仁会,茨城県つくば市田倉4725,3,36.1273860330251,140.018445258652,,,,,,
81,茨城県,8,池田病院,医療法人社団　八峰会,茨城県龍ケ崎市貝原塚町3690-2,3,35.9426759267422,140.188844058518,,,,,,
82,茨城県,8,宮本病院,医療法人　盡誠会,茨城県稲敷市幸田1247,3,35.939938923146,140.386307489207,,,,,,
83,茨城県,8,三岳荘小松崎病院,医療法人　威恵会,茨城県筑西市中舘2265,3,36.3268973592593,139.97574838949,,,,,,
84,茨城県,8,小柳病院,医療法人　慈政会,茨城県古河市稲宮1001,3,36.1849018083544,139.781765343348,,,,,,1
85,栃木県,9,獨協医科大学病院,学校法人　獨協学園,栃木県下都賀郡壬生町北小林880番地,3,36.4722909140393,139.825318868635,,,,,,
86,栃木県,9,烏山台病院,医療法人　薫会,栃木県須烏山市滝田1868-18,3,36.676400197959,140.146625681732,,,,,,1
87,栃木県,9,足利富士見台病院,医療法人　根岸会,栃木県足利市大前町1272,3,36.3595643977625,139.401706458822,,,,,,
88,栃木県,9,上都賀総合病院,JA上都賀厚生農業協同組合,栃木県鹿沼市下田町1丁目1033番地,3,36.5617121570537,139.750646328279,,,,,,
89,栃木県,9,皆藤病院,特定医療法人　恵会,栃木県宇都宮市東町22番,3,36.5749956283202,139.917056858981,,,,,,
90,栃木県,9,足利赤十字病院,日本赤十字社,栃木県足利市五十部町284-1,3,36.339570858109,139.421807128116,,,,,,
91,栃木県,9,芳賀赤十字病院,日本赤十字社,栃木県真岡市中郷271,3,36.4514087187454,140.011827028198,,,,,,
92,栃木県,9,自治医科大学附属病院,学校法人　自治医科大学,栃木県下野市薬師寺3311-1,3,36.3992238277795,139.860207360868,,,,,,
93,栃木県,9,栃木県済生会宇都宮病院,社会福祉法人　恩賜財団済生会,栃木県宇都宮市竹林町911-1,3,36.5787987569736,139.897198658983,,,,,,
94,栃木県,9,佐藤病院,医療法人社団　緑会,栃木県矢板市土屋18,3,36.8319196064787,139.949984628479,,,,,,
95,群馬県,10,群馬大学医学部附属病院,国立大学法人　群馬大学,群馬県前橋市昭和町３－３９－１５,2,36.4081272562231,139.062778990558,,,,,,
96,群馬県,10,上毛病院,医療法人　中沢会,群馬県前橋市下大島町５９６番地１,3,36.3612774400692,139.115617755244,,,,,,
97,群馬県,10,老年病研究所附属病院,公益財団法人　老年病研究所,群馬県前橋市大友町三丁目２６番地８,3,36.392688366798,139.041280228155,,,,,,
98,群馬県,10,サンピエール病院,医療法人　山崎会,群馬県高崎市上佐野町７８６番地７,3,36.3022327156153,139.027815689472,,,,,,
99,群馬県,10,田中病院,医療法人　群栄会,群馬県北群馬郡吉岡町陣場９８番地,3,36.4313972727389,139.004870558875,,,,,1,
100,群馬県,10,篠塚病院,医療法人　育生会,群馬県藤岡市篠塚１０５番地１,3,36.258657253495,139.064696858748,,,,,,
101,群馬県,10,西毛病院,医療法人　大和会,群馬県富岡市神農原５５９番地１,3,36.2441827243685,138.840805874083,,,,,,
102,群馬県,10,吾妻脳神経外科循環器科,社会医療法人　輝城会,群馬県吾妻郡東吾妻町大字原町７６０番地１,4,36.5754755724454,138.829469543635,1,,,,1,1
103,群馬県,10,内田病院,医療法人　大誠会,群馬県沼田市久屋原町３４５番地１,3,36.6658065590449,139.104420628356,,,,,1,
104,群馬県,10,原病院,医療法人　原会,群馬県伊勢崎市境上武士８９８－１,3,36.2801674493891,139.230952228072,,,,,,
105,群馬県,10,美原記念病院,公益財団法人　脳血管研究所,群馬県伊勢崎市太田町３６６,3,36.3277953411349,139.180530054837,,,,,,
106,群馬県,10,日新病院,医療法人　山育会,群馬県桐生市菱町３丁目２０６９－１,4,36.4099747820828,139.352330528167,,,,,,
107,群馬県,10,つつじメンタルホスピタル,医療法人　康生会（社団）,群馬県館林市小桑原町１５０５,3,36.2325021923679,139.517499628037,,,,,,
108,埼玉県,11,つむぎ診療所,医療法人　全和会,埼玉県秩父市寺尾１４０４,4,36.023913668373,139.081391658577,,,,,,
109,埼玉県,11,武里病院,医療社団法人　みどり会,埼玉県春日部市下大増新田９－３,3,35.9572488078926,139.740269481799,,,,,,
110,埼玉県,11,西熊谷病院,公益社団法人　西熊谷病院,埼玉県熊谷市石原５７２,3,36.1544167056791,139.370619143326,,,,,,
111,埼玉県,11,丸木記念福祉メディカルセンター,社会福祉法人　埼玉医療福祉会,埼玉県毛呂山町毛呂本郷３８番地,3,35.9376451534645,139.305646043168,,,,,,
112,埼玉県,11,戸田病院,医療法人　髙仁会,埼玉県戸田市新曽南３－４－２５,3,35.8038173535572,139.669541431448,,,,,,
113,埼玉県,11,埼玉県済生会鴻巣病院,社会福祉法人　恩賜財団済生会,埼玉県鴻巣市八幡田８４９,3,36.0730549723669,139.502308589304,,,,,,
114,埼玉県,11,菅野病院,医療法人　寿鶴会,埼玉県和光市本町２８－３,3,35.7860718345164,139.603770604442,,,,,,
115,埼玉県,11,あさひ病院,医療法人　尚寿会,埼玉県狭山市大字水野５９２番地,3,35.8330130970988,139.446909877003,,,,,,
116,埼玉県,11,久喜すずのき病院,医療法人　大壮会,埼玉県久喜市北青柳１３６６－１,3,36.0521114744949,139.662749873943,,,,,,
117,千葉県,12,八千代病院,医療法人社団　心和会,千葉県八千代市下高野549,3,35.7462955082611,140.137552404413,,,,,,
118,千葉県,12,千葉病院,医療法人　同和会,千葉県船橋市飯山満町2-508,3,35.7057328163213,140.024087358346,,,,,,
119,千葉県,12,旭神経内科リハビリテーション病院,医療法人社団　弥生会,千葉県松戸市栗ケ沢789-1,3,35.8110579652307,139.95433822773,,,,,,
120,千葉県,12,北柏リハビリ総合病院,医療法人社団　天宣会,千葉県柏市柏下265,3,35.8717591092196,139.982764973812,,,,,,
121,千葉県,12,日本医科大学千葉北総病院,学校法人　日本医科大学,千葉県印西市鎌苅1715,3,35.7810988301858,140.198230373746,,,,,,
122,千葉県,12,総合病院国保旭中央病院,地方独立行政法人　総合病院国保旭中央病院,千葉県旭市イ-1326,3,35.718025860834,140.660835512317,,,,,,
123,千葉県,12,浅井病院,医療法人　静和会,千葉県東金市家徳38-1,3,35.5444702060894,140.400084142884,,,,,,
124,千葉県,12,東条メンタルホスピタル,医療法人　明星会,千葉県鴨川市広場1338,3,35.1207445577196,140.108385973272,,,,1,,1
125,千葉県,12,袖ケ浦さつき台病院,社会医療法人社団　さつき会,千葉県袖ケ浦市長浦駅前5-21,3,35.4457215009905,140.006306227467,,,,,,
126,千葉県,12,千葉労災病院,独立行政法人　労働者健康安全機構,千葉県市原市辰巳台東2-16,3,35.5212714538974,140.158530928962,,,,,,
127,東京都,13,順天堂大学医学部附属順天堂医院,学校法人 順天堂,東京都文京区本郷3-1-3,3,35.7024542108551,139.762670957839,,,,,,
128,東京都,13,東京都立荏原病院,地方独立行政法人　東京都立病院機構,東京都大田区東雪谷4-5-10,3,35.5940148647443,139.693442742919,,,,,,
129,東京都,13,東京都立松沢病院,地方独立行政法人　東京都立病院機構,東京都世田谷区上北沢2-1-1,3,35.6667446961017,139.620449804355,,,,,,
130,東京都,13,浴風会病院,社会福祉法人 浴風会,東京都杉並区高井戸西1-12-1,3,35.6817844850475,139.608783473675,,,,,,
131,東京都,13,東京都健康長寿医療センター,地方独立行政法人　東京都健康長寿医療センター,東京都板橋区栄町35-2,3,35.7516763763704,139.703306658379,,,,,,
132,東京都,13,大内病院,医療法人社団　大和会,東京都足立区西新井5-41-1,3,35.7849492335388,139.778311543057,,,,,,
133,東京都,13,順天堂大学医学部附属順天堂東京江東高齢者医療センター,学校法人　順天堂,東京都江東区新砂3-3-20,3,35.6651779633721,139.833471942971,,,,,,
134,東京都,13,青梅成木台病院,医療法人財団　良心会,東京都青梅市成木1-447,3,35.8351548689383,139.275579127748,,,,,,
135,東京都,13,平川病院,医療法人社団　光生会,東京都八王子市美山町1076,3,35.6836961454734,139.25092505833,,,,,,
136,東京都,13,立川病院,国家公務員共済組合連合会,東京都立川市錦町4-2-22,3,35.6924203448315,139.422407758336,,,,,,
137,東京都,13,杏林大学医学部付属病院,学校法人　杏林学園,東京都三鷹市新川6-20-2,3,35.6776101116833,139.566668435559,,,,,,
138,東京都,13,山田病院,医療法人社団　薫風会,東京都西東京市南町3-4-10,3,35.7271830667541,139.541668708262,,,,,,
139,東京都,13,三井記念病院,社会福祉法人　三井記念病院,東京都千代田区神田和泉町1,3,35.6996585065233,139.779256258342,,,,,,
140,東京都,13,聖路加国際病院,学校法人　聖路加国際大学,東京都中央区明石町9-1,3,35.66727349633,139.777297442972,,,,,,
141,東京都,13,東京都済生会中央病院,社会福祉法人　恩賜財団済生会支部東京都済生会,東京都港区三田1-4-17,3,35.6531505476792,139.744345042962,,,,,,
142,東京都,13,永寿総合病院,公益財団法人　ﾗｲﾌ･ｴｸｽﾃﾝｼｮﾝ研究所,東京都台東区東上野2-23-16,3,35.7096303680086,139.779746158349,,,,,,
143,東京都,13,荏原中延クリニック,医療法人社団　恵泉会,東京都品川区中延2-15-5 酒井ビル2階,4,35.6100077815229,139.711393688968,,,,,,
144,東京都,13,三宿病院,国家公務員共済組合連合会,東京都目黒区上目黒5-33-12,3,35.6420690093328,139.684922727608,,,,,,
145,東京都,13,東京女子医科大学附属成人医学センター,学校法人　東京女子医科大学,東京都渋谷区渋谷2-15-1 渋谷クロスタワービル20階,4,35.6587639238227,139.705505973658,,,,,,
146,東京都,13,東京医科大学病院,学校法人　東京医科大学,東京都新宿区西新宿6-7-1,3,35.6933044075677,139.691824489029,,,,,,
147,東京都,13,あしかりクリニック,医療法人社団　あしかりクリニック,東京都中野区中央5-44-9,4,35.7003463092855,139.665051658342,,,,,,
148,東京都,13,豊島長崎クリニック,医療法人社団　健翔会,東京都豊島区長崎4-25-15,4,35.7301219858248,139.685856058364,,,,,,
149,東京都,13,オレンジほっとクリニック,東京ふれあい医療生活協同組合,東京都北区堀船3-31-15,4,35.7520535768637,139.748970158379,,,,,,
150,東京都,13,慈雲堂病院,医療法人社団　じうんどう,東京都練馬区関町南4-14-53,3,35.7201605351712,139.572594089048,,,,,,
151,東京都,13,あべクリニック,医療法人社団　讃友会,東京都荒川区東日暮里6-60-10 日暮里駅前中央ビル5階,4,35.7286560278565,139.772608341968,,,,,,
152,東京都,13,いずみホームケアクリニック,医療法人社団　東京東双泉会,東京都葛飾区青戸5-30-4,4,35.7483357720018,139.855709373723,,,,,,
153,東京都,13,中村病院,医療法人社団　仁寿会,東京都墨田区八広2-1-1,3,35.7174327179908,139.823594712317,,,,,,
154,東京都,13,タムスさくら病院江戸川,医療法人社団　城東桐和会,東京都江戸川区東篠崎1-11-1,3,35.7013799612883,139.916342912305,,,,,,
155,東京都,13,福生クリニック,医療法人社団　幹人会,東京都福生市加美平3-35-13,4,35.749505161041,139.319504858377,,,,,,
156,東京都,13,羽村三慶病院,医療法人社団　三秀会,東京都羽村市羽字武蔵野4207,4,35.7641362381846,139.331705343042,,,,,,
157,東京都,13,あきる台病院,医療法人財団　暁,東京都あきる野市秋川6-5-1,4,35.7293417851463,139.292189273709,,,,,,
158,東京都,13,菜の花クリニック,医療法人社団　幹人会,東京都西多摩郡瑞穂町殿ヶ谷454,4,35.7576312353705,139.356848627692,,,,,,
159,東京都,13,大久野病院,医療法人財団　利定会,東京都西多摩郡日の出町大久野6416,4,35.7563493039396,139.234012539494,,,,,,
160,東京都,13,奥多摩町国民健康保険奥多摩病院,奥多摩町,東京都西多摩郡奥多摩町氷川1111,3,35.8004161582522,139.088630402468,1,1,,,,1
161,東京都,13,鶴川サナトリウム病院,医療法人財団　明理会,東京都町田市真光寺町197,3,35.603803575795,139.459157073515,,,,,,
162,東京都,13,多摩平の森の病院,医療法人社団　充会,東京都日野市多摩平3-1-17,3,35.665330681144,139.377021282363,,,,,,
163,東京都,13,桜ヶ丘記念病院,社会福祉法人　桜ヶ丘社会事業協会,東京都多摩市連光寺1-1-1,3,35.6476759405377,139.457696942958,,,,,,
164,東京都,13,稲城台病院,特定医療法人社団　研精会,東京都稲城市若葉台3-7-1,3,35.624276793897,139.464833842941,,,,,,
165,東京都,13,たかつきクリニック,医療法人社団　東京愛成会,東京都昭島市田中町562-8 昭島昭和第一ビル北館2階A,4,35.7149668385431,139.362075192502,,,,,,
166,東京都,13,国分寺病院,社会福祉法人　浴光会,東京都国分寺市東恋ヶ窪4-2-2,3,35.7064310477605,139.469395419256,,,,,,
167,東京都,13,新田クリニック,医療法人社団　つくし会,東京都国立市西2-26-29,4,35.6919343637993,139.434038414581,,,,,,
168,東京都,13,東大和病院,社会医療法人財団　大和会,東京都東大和市南街1-13-12,3,35.7411438610839,139.431996604409,,,,,,
169,東京都,13,武蔵村山病院,社会医療法人財団　大和会,東京都武蔵村山市榎1-1-5,3,35.7438017293893,139.387728773719,,,,,,
170,東京都,13,武蔵野赤十字病院,日本赤十字社,東京都武蔵野市境南町1-26-1,3,35.6952953026888,139.548975819722,,,,,,
171,東京都,13,根岸病院,医療法人社団　根岸病院,東京都府中市武蔵台2-12-2,3,35.6932410537656,139.460796289029,,,,,,
172,東京都,13,青木病院,医療法人社団　青山会,東京都調布市上石原3-33-17,3,35.6504079165696,139.524872873652,,,,,,
173,東京都,13,桜町病院,社会福祉法人　聖ヨハネ会,東京都小金井市桜町1-2-20,3,35.7093990079897,139.511659673694,,,,,,
174,東京都,13,東京慈恵会医科大学附属第三病院,学校法人　慈恵大学,東京都狛江市和泉本町4-11-1,3,35.6460586384281,139.565994827611,,,,,,
175,東京都,13,国立精神・神経医療研究センター病院,国立研究開発法人　国立精神・神経医療研究センター,東京都小平市小川東町4-1-1,3,35.7357630852746,139.475469027676,,,,,,
176,東京都,13,多摩あおば病院,医療法人社団　新新会,東京都東村山市青葉町2-27-1,3,35.7623252609753,139.490924427695,,,,,,
177,東京都,13,複十字病院,公益財団法人　結核予防会,東京都清瀬市松山3-1-24,3,35.7708030410692,139.510050873739,,,,,,
178,東京都,13,前田病院,医療法人社団　山本・前田記念会,東京都東久留米市中央町5-13-34,3,35.7499918031092,139.515210627686,,,,,,
179,神奈川県,14,東海大学医学部付属病院,学校法人　東海大学,神奈川県伊勢原市下糟屋143,2,35.4066206484854,139.315514142785,,,,,,
180,神奈川県,14,久里浜医療センター,独立行政法人　国立病院機構,神奈川県横須賀市野比5-3-1,3,35.2119217009758,139.701984488683,,,,,,
181,神奈川県,14,曽我病院,公益財団法人　積善会,神奈川県小田原市曽我岸148,3,35.3016540842056,139.180388006846,,,,,,
182,神奈川県,14,湘南東部総合病院,医療法人社団　康心会,神奈川県茅ヶ崎市西久保500,3,35.3474482392075,139.392178369904,,,,,,
183,神奈川県,14,厚木佐藤病院,医療法人社団　藤和会,神奈川県厚木市小野759,3,35.4331338626898,139.312112888841,,,,,,
184,神奈川県,14,秦野厚生病院,医療法人社団　厚仁会,神奈川県秦野市南矢名2-12-1,3,35.370010479603,139.272225858104,,,,,,
185,神奈川県,14,メモリーケアクリニック湘南,医療法人社団　彰耀会,神奈川県平塚市四之宮5-20-4,4,35.357978163384,139.358490027404,,,,,,
186,神奈川県,14,メンタルホスピタルかまくら山,医療法人　福慈会,神奈川県鎌倉市鎌倉山1-23-1,4,35.3175421116812,139.524394673413,,,,,,
187,神奈川県,14,たなかクリニック,医療法人　健脳会,神奈川県大和市桜森3-7-18,4,35.4718560491515,139.440367029482,,,,,,
188,神奈川県,14,藤沢病院,医療法人社団　清心会,神奈川県藤沢市小塚383,4,35.3343766564014,139.504614146616,,,,,,
189,神奈川県,14,えびな脳神経クリニック,医療法人社団　NALU,神奈川県海老名市めぐみ町3-1 ViNA GARDENS PERCH 601-12,4,35.4534630295951,139.38946847351,,,,,,
190,新潟県,15,黒川病院,医療法人　白日会,新潟県胎内市下館字大開1522,3,37.9194007356008,139.048635247887,,,,,1,
191,新潟県,15,三島病院,特定医療法人　楽山会,新潟県長岡市藤川1713-8,3,37.5099240528494,138.78547879037,,,,,1,1
192,新潟県,15,柏崎厚生病院,医療法人　立川メディカルセンター,新潟県柏崎市大字茨目字二ツ池2071-1,3,37.3532543845483,138.586914428868,,,,,2,1
193,新潟県,15,ゆきぐに大和病院,南魚沼市病院事業,新潟県南魚沼市浦佐4115,4,37.1710897650368,138.937456574769,,,,,2,
194,新潟県,15,高田西城病院,医療法人　高田西城会,新潟県上越市西城町2-8-30,3,37.1106567307951,138.250918928687,,,,,2,
196,新潟県,15,川瀬神経内科クリニック,医療法人社団　川瀬神経内科クリニック,新潟県三条市東本成寺20-8,4,37.6161309644221,138.948530944412,,,,,1,
197,新潟県,15,五泉中央病院,医療法人　真仁会,新潟県五泉市太田489-1,4,37.7456399131486,139.182755575202,,,,,1,
198,新潟県,15,有田病院,医療法人　有心会,新潟県新発田市金谷197,4,37.944178464163,139.365389152586,,,,,1,
199,新潟県,15,長岡西病院,医療法人　崇徳会,新潟県長岡市三ツ郷屋町371-1,4,37.4499074435941,138.815948859633,,,,,2,
200,新潟県,15,新潟病院,独立行政法人　国立病院機構,新潟県柏崎市赤坂町3-52,4,37.3590867311555,138.537493690256,,,,,2,1
201,富山県,16,魚津緑ヶ丘病院,医療法人社団　弘仁会,富山県魚津市大光寺287番地,3,36.8120528724338,137.41116244381,,,,,1,
202,富山県,16,谷野呉山病院,医療法人社団　和敬会,富山県富山市北代5200番地,3,36.7141939500463,137.183700659084,,,,,1,
203,富山県,16,高岡市民病院,高岡市,富山県高岡市宝町4番1号,3,36.7560257060756,137.027972859114,,,,,1,
204,富山県,16,北陸病院,独立行政法人　国立病院機構,富山県南砺市信末5963番地,3,36.5396484168649,136.9043266743,1,,,,2,
205,石川県,17,石川県立こころの病院,石川県,石川県かほく市内高松ヤ３６,3,36.7659439193682,136.736953097739,,,,1,1,
206,石川県,17,加賀こころの病院,医療法人社団　長久会,石川県加賀市小菅波町１２１番地１,3,36.3175599427337,136.3436555281,,,,,1,
207,石川県,17,公立能登総合病院,七尾市,石川県七尾市藤橋町ア部６番地４,3,37.0450924350686,136.946555734543,,,,1,1,
208,福井県,18,松原病院,公益財団法人　松原病院,松院 福井県福井市文京2丁目9-1,3,36.0780918745635,136.219503312579,,,,,1,
209,福井県,18,敦賀温泉病院,医療法人　敦賀温泉病院,福井県敦賀市吉河41号1番地5,3,35.6365750045657,136.085399373642,,,,,1,1
210,山梨県,19,山梨県立北病院,地方独立行政法人　山梨県立病院機構,山梨県韮崎市旭町上條南割３３１４－１３,3,35.6664356304832,138.436819073663,,,,,,
211,山梨県,19,日下部記念病院,社会医療法人　加納岩,山梨県山梨市上神内川１３６３,3,35.6905982416559,138.684173558335,,,,,,
212,山梨県,19,峡西病院,特定医療法人　南山会,山梨県南アルプス市下宮地４２１,3,35.6037849977432,138.463558788964,,,,,,
213,山梨県,19,回生堂病院,医療法人　回生堂病院,山梨県都留市四日市場２７０,3,35.5674080446067,138.9133074429,,,,,,1
214,長野県,20,佐久総合病院,長野県厚生農業協同組合連合会,長野県佐久市臼田197,3,36.1980956951826,138.480946512666,,,,,,
215,長野県,20,千曲荘病院,医療法人　友愛会,長野県上田市中央東4-61,3,36.4027896167597,138.266319158854,,,,,1,
216,長野県,20,諏訪赤十字病院,日本赤十字社,長野県諏訪市湖岸通り5-11-50,3,36.0426759568263,138.106739327899,,,,,,
217,長野県,20,長野県立こころの医療センター駒ヶ根,地方独立行政法人　長野県立病院機構,長野県駒ヶ根市下平2901,3,35.7472463912415,137.961190289068,,,,,,
218,長野県,20,飯田病院,社会医療法人　栗山会,長野県飯田市大通1-15,3,35.5165164622501,137.818625242864,,,,,,1
219,長野県,20,長野県立木曽病院,地方独立行政法人　長野県立病院機構,長野県木曽郡木曽町福島6613-4,4,35.8354806775721,137.683843627748,1,,,,,1
220,長野県,20,桔梗ヶ原病院,医療法人社団　敬仁会,長野県塩尻市宗賀1295,3,36.1111793187938,137.932578089332,,,,,,1
221,長野県,20,城西病院,社会医療法人　城西医療財団,長野県松本市城西1-5-16,3,36.2396111873755,137.96255775367,,,,,,
222,長野県,20,北アルプス医療センターあづみ病院,,長野県北安曇郡池田町池田3207-1,3,36.4212126591983,137.872843843522,,,,,,
223,長野県,20,栗田病院,公益財団法人　倉石地域振興財団,長野県長野市栗田695,3,36.6363405197609,138.199377928334,,,,,1,
224,長野県,20,北信総合病院,,長野県中野市西1-5-63,3,36.746860381246,138.365460189799,,,,,1,
225,岐阜県,21,岐阜病院,公益社団法人　岐阜病院,岐阜県岐阜市日野東3丁目13番6号,3,35.4331605983572,136.814691942804,,,,,,
226,岐阜県,21,黒野病院,医療法人　香風会,岐阜県岐阜市洞1020番地,3,35.4700642093735,136.712854900251,,,,,,
227,岐阜県,21,岐阜市民病院,岐阜市,岐阜県岐阜市鹿島町7丁目１番地,1,35.4140394366688,136.734565527444,,,,,,
228,岐阜県,21,大垣病院,医療法人　静風会,岐阜県大垣市中野町1－307,3,35.3775036717451,136.607917827418,,,,,,
229,岐阜県,21,のぞみの丘ホスピタル,医療法人　清仁会,岐阜県美濃加茂市蜂屋町上蜂屋3555,3,35.4542206730281,137.013462342819,,,,,,
230,岐阜県,21,慈恵中央病院,医療法人　春陽会,岐阜県郡上市美並町大原1-1,4,35.643996111005,136.953242673647,,1,,,,1
231,岐阜県,21,大湫病院,医療法人　仁誠会,岐阜県瑞浪市大湫町１２１,3,35.4313402948209,137.286214158148,,,,,,1
232,岐阜県,21,須田病院,特定医療法人　生仁会,岐阜県高山市国府町村山235番地5,3,36.1977961131012,137.251607697306,,1,,,1,1
233,静岡県,22,ふれあい南伊豆ホスピタル,医療法人社団　辰五会,静岡県賀茂郡南伊豆町青市848,3,34.666170079078,138.897641423567,1,,,1,,1
234,静岡県,22,伊東市民病院,伊東市,静岡県伊東市岡196番地の1,3,34.9605861520724,139.087869539099,,,,,,
235,静岡県,22,NTT東日本伊豆病院,東日本電信電話株式会社,静岡県田方郡函南町平井750,3,35.089648986661,138.955557054524,,,,,,
236,静岡県,22,静岡医療センター,独立行政法人　国立病院機構,静岡県駿東郡清水町長沢762-1,3,35.0997938308581,138.88989173919,,,,,,
237,静岡県,22,ふれあい沼津ホスピタル,医療法人社団　静岡康心会,静岡県沼津市市道町8-6,3,35.0955574378557,138.851431453999,,,,,,
238,静岡県,22,鷹岡病院,公益財団法人　復康会,静岡県富士市天間1585番地,3,35.2056655398289,138.647771525168,,,,,,
239,静岡県,22,東静脳神経センター,医療法人社団　一就会,静岡県富士宮市西小泉町14-9,4,35.2177015773238,138.628056754004,,,,,,
240,静岡県,22,焼津市立総合病院,焼津市,静岡県焼津市道原1000番地,3,34.8371157547425,138.306538811659,,,,,,
241,静岡県,22,やきつべの径診療所,医療法人社団　峻凌会,静岡県焼津市中里162番地,4,34.8875225696954,138.315258096318,,,,,,
242,静岡県,22,中東遠総合医療センター,掛川市・袋井市病院企業団,静岡県掛川市菖蒲ヶ池１番地の1,3,34.7564150142728,137.998075967476,,,,,,1
243,静岡県,22,磐田市立総合病院,,静岡県磐田市大久保512番地3,3,34.7686719061857,137.856913696313,,,,,,
244,愛知県,23,七宝病院,医療法人　宝会,愛知県あま市七宝町下田矢倉下1432,3,35.1729936628635,136.784280125167,,,,,,
245,愛知県,23,愛知医科大学病院,学校法人　愛知医科大学,愛知県長久手市岩作雁又1-1,3,35.1914395688278,137.049634554003,,,,,,
246,愛知県,23,上林記念病院,社会医療法人　杏嶺会,愛知県一宮市奥町字下口西89-1,3,35.3274946596766,136.757161838666,,,,,,
247,愛知県,23,あさひが丘ホスピタル,特定医療法人　晴和会,愛知県春日井市神屋町字地福1295-31,3,35.3042807611134,137.018622667501,,,,,,
248,愛知県,23,国立長寿医療研究センター,国立研究開発法人,愛知県大府市森岡町七丁目430,3,34.996307460227,136.952009009815,,,,,,
249,愛知県,23,トヨタ記念病院,トヨタ自動車株式会社,愛知県豊田市平和町1-1,3,35.0576236609216,137.175483607966,,,,,,
250,愛知県,23,八千代病院,社会医療法人財団　新和会,愛知県安城市住吉町2-2-7,3,34.9866207027565,137.079937125158,,,,,,
251,愛知県,23,岡崎市民病院,岡崎市,愛知県岡崎市高隆寺町字五所合3-1,3,34.9492550847318,137.203946096321,,,,,,
252,愛知県,23,医療法人松崎病院,豊橋こころのケアセンター 医療法人　松崎病院,愛知県豊橋市三本木町字元三本木20-1,3,34.7234962002341,137.394393338639,,,,,,
253,愛知県,23,可知記念病院,医療法人　義興会,愛知県愛知県豊橋市南大清水町字富士見456,3,34.6801645045312,137.366590867473,,,,,,
254,愛知県,23,済衆館病院,医療法人　済衆館,愛知県北名古屋市鹿田西村前111,4,35.2423818853134,136.87728602517,,,,,,
255,三重県,24,三重大学医学部附属病院,国立大学法人,三重県津市江戸橋2-174,1,34.742605224483,136.522887425147,,,,,,
256,三重県,24,東員病院,医療法人　康誠会,三重県員弁郡東員町穴太2400番地,3,35.0864109556514,136.604740425163,,,,,,
257,三重県,24,三重県立こころの医療センター,,三重県津市城山１丁目１２－１,3,34.6756064483179,136.506590175725,,,,,,
258,三重県,24,松阪厚生病院,,三重県松阪市久保町1927-2,3,34.5384204728651,136.527333825138,,,,1,,
259,三重県,24,熊野病院,医療法人　紀南会,三重県熊野市熊野市久生屋町868番地,3,33.8652683644255,136.075011167437,1,1,,1,,1
260,三重県,24,三原クリニック,医療法人　社団,三重県四日市市日永西3-1-21,4,34.9508725912595,136.600021125157,,,,,,
261,三重県,24,ますずがわ神経内科クリニック,,三重県鈴鹿市飯野寺家817番地3,4,34.8766472691943,136.572890653989,,,,,,
262,三重県,24,上野病院,一般財団法人　信貴山病院分院,三重県伊賀市四十九町2888,4,34.7526118276834,136.145310467476,,,,,,
263,三重県,24,いせ山川クリニック,医療法人,三重県三重県伊勢市小木町557,4,34.5050043901114,136.723906453973,,,,1,,
264,滋賀県,25,琵琶湖病院,医療法人　明和会,滋賀県大津市坂本一丁目8番5号,3,35.0658981282901,135.866458953998,,,,,,
265,滋賀県,25,瀬田川病院,医療法人社団　瀬田川病院,滋賀県大津市玉野浦4番21号,3,34.9833019113512,135.910599625158,,,,,,
266,滋賀県,25,水口病院,一般社団法人　水口病院,滋賀県甲賀市水口町本町2-2-43,3,34.9708743893637,136.17573453865,,,,,,
267,滋賀県,25,豊郷病院,公益財団法人　豊郷病院,滋賀県犬上郡豊郷町八目12番地,3,35.198794004066,136.231192067496,,,,,,
268,滋賀県,25,セフィロト病院,社会福祉法人　青祥会,滋賀県長浜市寺田町257,3,35.3641283233163,136.286577225175,,,,,1,
269,滋賀県,25,近江温泉病院,医療法人　恒仁会,滋賀県東近江市北坂町966,3,35.132121672656,136.275354554001,,,,,,
270,滋賀県,25,滋賀八幡病院,公益財団法人　青樹会,滋賀県近江八幡市鷹飼町744番地,3,35.1248965224352,136.104093467493,,,,,,
271,滋賀県,25,藤本クリニック,医療法人　藤本クリニック,滋賀県守山市梅田町2-1-204,4,35.0511625976351,135.995300822162,,,,,,
272,京都府,26,京都府立医科大学附属病院,京都府公立大学法人,京都府京都市上京区河原町通広小路上る梶井町465,1,35.0237515826223,135.769585614118,,,,,,
273,京都府,26,西山病院,一般財団法人　療道協会,京都府長岡京市今里5丁目1-1,3,34.9353756772413,135.688166653992,,,,,,
274,京都府,26,京都府立洛南病院,,京都府宇治市五ヶ庄広岡谷2,3,34.9153886751056,135.809207538647,,,,,,
275,京都府,26,宇治おうばく病院,医療法人　栄仁会,京都府宇治市五ヶ庄三番割32番地1,3,34.9129172811764,135.811460825155,,,,,,
276,京都府,26,京都山城総合医療センター,国民健康保険山城病院組合,京都府木津川市木津駅前一丁目27番地,3,34.7359357223505,135.823679253983,,,,,,
277,京都府,26,京都中部総合医療センター,国民健康保険南丹病院組合,京都府南丹市八木町八木上野25,3,35.0710638108617,135.53017096749,2,,,,,
278,京都府,26,舞鶴医療センター,独立行政法人　国立病院機構,京都府舞鶴市字行永2410番地,3,35.4617351952054,135.401579782851,,,,,1,1
279,京都府,26,京都府立医科大学附属北部医療センター,,京都府与謝郡与謝野町字男山481,3,35.5695375378017,135.165433967513,,,,1,1,
280,大阪府,27,さわ病院,社会医療法人　北斗会,大阪府豊中市城山町１丁目９番１号,3,34.7705213465353,135.476813396313,,,,,,
281,大阪府,27,新阿武山病院,医療法人　大阪精神医学研究所,大阪府高槻市奈佐原４丁目10番１号,3,34.8654828945834,135.574766461734,,,,,,
282,大阪府,27,東香里病院,社会医療法人　三上会,大阪府枚方市東香里１丁目24番34号,3,34.7800241370359,135.656770570753,,,,,,
283,大阪府,27,八尾こころのホスピタル,医療法人　清心会,大阪府八尾市天王寺屋６丁目59番地,3,34.6020447485394,135.616016953977,,,,,,
284,大阪府,27,大阪さやま病院,医療法人　六三会,大阪府大阪狭山市岩室３丁目216番１号,3,34.5028236480369,135.540005696301,,,,,,
285,大阪府,27,水間病院,医療法人　河﨑会,大阪府貝塚市水間51番地,3,34.4007053982337,135.389235613272,,,,,,
286,兵庫県,28,兵庫医科大学病院,学校法人　兵庫医科大学,兵庫県西宮市武庫川町1番1号,3,34.7186000742769,135.379091398162,,,,,,
287,兵庫県,28,仁明会クリニック,一般社団法人　仁明会,兵庫県西宮市越水町4-31,4,34.7448342093327,135.340911153984,,,,,,
288,兵庫県,28,兵庫県立尼崎総合医療センター,,兵庫県尼崎市東難波町二丁目17番77号,3,34.7301717211006,135.413621187054,,,,,,
289,兵庫県,28,市立伊丹病院,伊丹市,兵庫県伊丹市昆陽池1丁目100番地,3,34.7833989379085,135.396984839772,,,,,,
290,兵庫県,28,兵庫中央病院,独立行政法人,兵庫県三田市大原1314,3,34.9070691275475,135.229816354533,,,,,,
291,兵庫県,28,明石こころのホスピタル,医療法人財団 光明会,兵庫県明石市藤江1315,3,34.6609033174677,134.949747557437,,,,,,
292,兵庫県,28,加古川中央市民病院,地方独立行政法人　加古川市民病院機構,兵庫県加古川市加古川町本町439番地,3,34.7713437622793,134.832545159837,,,,,,
293,兵庫県,28,いるか心療所,医療法人社団　いるか診療所,兵庫県加古川市加古川町篠原町111おいしゃさんビル301,4,34.768848332878,134.84227938282,,,,,,
294,兵庫県,28,西脇市立西脇病院,西脇市,兵庫県西脇市下戸田652番地の1,3,34.9878124060517,134.984333165788,,,,,,
295,兵庫県,28,兵庫県立はりま姫路総合医療センター,,兵庫県姫路市神屋町3丁目264番地,3,34.8266610241506,134.701809417045,,,,,,
296,兵庫県,28,姫路中央病院,医療法人　公仁会,兵庫県姫路市飾磨区三宅2丁目36番地,3,34.8090635610613,134.682175021714,,,,,,
297,兵庫県,28,高岡病院,社会医療法人　恵風会,兵庫県姫路市西今宿5丁目3番8号,4,34.8452706823509,134.66123695324,,,,,,
298,兵庫県,28,兵庫県立リハビリテーション西播磨病院,社会福祉法人　兵庫県社会福祉事業団,兵庫県たつの市新宮町光都1丁目7番1号,3,34.9513084765502,134.438020633032,,,,,,1
299,兵庫県,28,揖保川病院,医療法人　古橋会,兵庫県たつの市揖保川町半田703番地の1,4,34.8464044665048,134.536903263195,,,,,,
300,兵庫県,28,豊岡病院,公立豊岡病院組合,兵庫県豊岡市戸牧1094,3,35.5266220144554,134.806510996346,,,,,1,
301,兵庫県,28,大植病院,医療法人社団　俊仁会,兵庫県朝来市多々良木1514番地,4,35.2443683519512,134.813555226429,,1,,,1,1
302,兵庫県,28,大塚病院,医療法人　敬愛会,兵庫県丹波市氷上町絹山513,3,35.1975777617514,135.046785286729,,,,,,
303,兵庫県,28,兵庫県立淡路医療センター,,兵庫県洲本市塩屋1丁目1番137号,3,34.3470785986327,134.895739196294,,,,,,
304,奈良県,29,奈良県立医科大学附属病院,公立大学法人　奈良県立医科大学,奈良県橿原市四条町840番地,1,34.5040564789323,135.792673321292,,,,,,
305,奈良県,29,吉田病院,社会医療法人　平和会,奈良県奈良市西大寺赤田町1丁目7番1号,3,34.6993867545855,135.771937070184,,,,,,
306,奈良県,29,ハートランドしぎさん,一般財団法人　信貴山病院,奈良県三郷町勢野北4丁目13番1号,3,34.6088868728396,135.683491525141,,,,,,
307,奈良県,29,秋津鴻池病院,医療法人　鴻池会,奈良県御所市池之内1064,3,34.4512730888326,135.75201614556,1,,,,,
308,和歌山県,30,和歌山県立医科大学附属病院,公立大学法人　和歌山県立医科大学,和歌山県和歌山市紀三井寺811番地1,2,34.1879106360341,135.181875015685,,,,,,
309,和歌山県,30,国保野上厚生総合病院,国民健康保険野上厚生病院組合,和歌山県海草郡紀美野町小畑198,4,34.1636469632659,135.295334696286,1,,,1,,1
310,和歌山県,30,公立那賀病院,公立那賀病院経営事務組合,和歌山県紀の川市打田1282番地,4,34.2630232050815,135.36635449629,,,,1,,1
311,和歌山県,30,和歌山県立医科大学附属病院紀北分院,公立大学法人　和歌山県立医科大学,和歌山県伊都郡かつらぎ町妙寺219,4,34.3010759382199,135.530667591445,1,,,1,,1
312,和歌山県,30,有田市立病院,有田市,和歌山県有田市宮崎町6番地,4,34.0810998276943,135.120332934977,,,,1,,1
313,和歌山県,30,ひだか病院,御坊市外五ケ町病院経営事務組合,和歌山県御坊市薗116-2,3,33.895343663908,135.153841281203,,,,1,,
314,和歌山県,30,南和歌山医療センター,独立行政法人　国立病院機構,和歌山県田辺市たきない町27番1号,3,33.6991807182685,135.399088327791,2,,,1,,1
315,和歌山県,30,新宮市立医療センター,新宮市,和歌山県新宮市蜂伏18番7号,4,33.6867844338815,135.964289186175,1,,,1,,1
316,鳥取県,31,渡辺病院,社会医療法人　明和会医療福祉センター,鳥取県鳥取市東町3丁目307番地,3,35.5082176527595,134.233877405346,,,,,1,
317,鳥取県,31,医療福祉センター倉吉病院,社会医療法人　仁厚会,鳥取県倉吉市山根43,3,35.4522238534407,133.855923567507,,,,,1,
318,鳥取県,31,養和病院,医療法人　養和会,鳥取県米子市上後藤3-5-1,3,35.4484007208137,133.317908531265,,,,,1,
319,鳥取県,31,南部町国民健康保険西伯病院,南部町,鳥取県西伯郡南部町倭397,3,35.3475795215286,133.325588267502,,,,,1,1
320,鳥取県,31,鳥取大学医学部附属病院,国立大学法人　鳥取大学,鳥取県米子市西町36番地の1,1,35.4289463347356,133.324862292639,,,,,1,
321,島根県,32,島根大学医学部附属病院,国立大学法人　島根大学,島根県出雲市塩冶町89-1,1,35.348387419685,132.757064738667,,,,,,
322,島根県,32,安来第一病院,社会医療法人　昌林会,島根県安来市安来町899-1,3,35.4330266307665,133.253018954014,2,,,,,
323,島根県,32,松ヶ丘病院,社会医療法人　正光会,島根県益田市高津四丁目24番10号,3,34.6850828838665,131.803026438637,2,,,,,
324,島根県,32,西川病院,社会医療法人　清和会,島根県浜田市港町293-2,3,34.90398017504,132.068312967483,1,,,,,
325,島根県,32,エスポアール出雲クリニック,医療法人　エスポアール出雲クリニック,島根県出雲市小山町361-2,4,35.3733927188105,132.740662609704,,,,,,
326,島根県,32,石東病院,特定医療法人　恵和会,島根県大田市大田町大田イ860-3,4,35.2002285716704,132.505862354004,1,,,,,1
328,島根県,32,奥出雲コスモ病院,医療法人　コスモ会,島根県雲南市木次町里方1275-2,4,35.3037130493874,132.906995796336,1,,,,,1
329,島根県,32,松江青葉病院,医療法人　青葉会,島根県松江市上乃木5-1-8,4,35.4530418871563,133.061343376997,,,,,,
330,島根県,32,こなんホスピタル,医療法人　同仁会,島根県松江市宍道町白石129番地1,4,35.4144705470002,132.925607011685,,,,,,
331,島根県,32,まつしま脳神経内科クリニック,,島根県松江市下東川津町42-5,4,35.4970636332166,133.080370709838,,,,,,
332,岡山県,33,岡山大学病院,国立大学法人　岡山大学,岡山県岡山市北区鹿田町2丁目5番1号,3,34.6491149467563,133.919750738636,,,,,,
333,岡山県,33,慈圭病院,公益財団法人　慈圭会,岡山県岡山市南区浦安本町100番の2地,3,34.603297649072,133.91722806747,,,,,,
334,岡山県,33,川崎医科大学附属病院,学校法人　川崎学園,岡山県倉敷市松島577番地,3,34.6319790884109,133.811415810332,,,,,,
335,岡山県,33,倉敷平成病院,社会医療法人　全仁会,岡山県倉敷市老松町4丁目3番38号,3,34.5930926447352,133.761758267469,,,,,,
336,岡山県,33,さきがけホスピタル,医療法人　梁風会,岡山県高梁市落合町阿部2200番地,3,34.7802432486085,133.582488825149,1,,,,,1
337,岡山県,33,積善病院,一般財団法人　江原積善会,岡山県津山市一方140番地,3,35.0555156695669,133.980396136615,,,,,1,
338,岡山県,33,きのこエスポアール病院,医療法人社団　きのこ会,岡山県笠岡市東大戸2908番地,3,34.5527890216578,133.502424794402,,,,,,
339,岡山県,33,向陽台病院,医療法人社団　井口会,岡山県真庭市上市瀬368,4,35.0287745115273,133.745322681579,1,,,,,
340,広島県,34,メープルヒル病院,医療法人社団　知仁会,広島県大竹市玖波５丁目2-1,3,34.2567686361133,132.223383577123,,,,,,
341,広島県,34,千代田病院,医療法人社団　せがわ会,広島県山県郡北広島町今田3860,3,34.6829464278831,132.523782625145,1,,,,1,1
342,広島県,34,ふたば病院,医療法人社団　和恒会,広島県呉市広白石４丁目7-22,3,34.2264801207668,132.641543721474,,,,,,
343,広島県,34,宗近病院,医療法人社団　二山会,広島県東広島市西条町御薗宇703,3,34.4006847156149,132.752785196296,,,,,,
344,広島県,34,三原病院,医療法人　大慈会,広島県三原市中之町６丁目31-1,3,34.4268418928155,133.110621125557,,,,,,1
345,広島県,34,光の丘病院,医療法人社団　緑誠会,広島県福山市駅家町大字向永谷302,3,34.531747497304,133.298401165309,,,,,,
346,広島県,34,下永病院,医療法人　永和会,広島県福山市金江町藁江590-1,3,34.4412605918309,133.305830927013,,,,,,
347,広島県,34,三次神経内科クリニック花の里,医療法人　微風会,広島県三次市十日市東４丁目3-10,4,34.8044555442775,132.861776267478,1,,,,,
348,山口県,35,いしい記念病院,医療法人　新生会,山口県岩国市多田３－１０２－１,3,34.1815791525634,132.166614834252,,,,,,
349,山口県,35,柳井医療センター,独立行政法人　国立病院機構,山口県柳井市伊保庄９５,3,33.9124271184271,132.127823421769,,,,1,,
350,山口県,35,泉原病院,医療法人　愛命会,山口県周南市泉原町１０－１,3,34.0530189188034,131.821310157302,,,,,,
351,山口県,35,山口県立総合医療センター,地方独立行政法人　山口県立病院機構,山口県防府市大字大崎１００７７,3,34.066056650799,131.542479918988,,,,,,
352,山口県,35,山口県立こころの医療センター,地方独立行政法人　山口県立病院機構,山口県宇部市大字東岐波４００４－２,3,33.9757449483491,131.342891886731,,,,,,
353,山口県,35,下関病院,医療法人　水の木会,山口県下関市富任町６－１８－１８,3,34.018003265184,130.923148877751,,,,,,
354,山口県,35,三隅病院,医療法人　杏祐会,山口県長門市三隅中生島３２４２,4,34.3706364459548,131.258329717934,1,,,,,1
355,山口県,35,萩病院,医療法人　水の木会,山口県萩市大字堀内２７８,4,34.411001567546,131.390304725133,1,,,,,
356,徳島県,36,徳島県立中央病院,,徳島県徳島市蔵本町1丁目10-3,1,34.0756379596052,134.520565167446,,,,,,
357,徳島県,36,むつみホスピタル,医療法人　むつみホスピタル,徳島県徳島市南矢三町3丁目11-23,3,34.082778473571,134.518791293986,,,,,,
358,徳島県,36,冨田病院,医療法人　冨田病院,徳島県海部郡美波町西河内月輪129-4,3,33.7363662343421,134.52249676052,1,1,,,,1
359,徳島県,36,桜木病院,医療法人　桜樹会,徳島県美馬市脇町木ノ内3763,3,34.0613813668665,134.105688858598,1,,,,,1
361,香川県,37,三光病院,医療法人社団　光風会,香川県高松市牟礼町原883-１,3,34.3313826131812,134.151585767457,,,,,,
362,香川県,37,香川大学医学部附属病院,国立大学法人　香川大学,香川県三木町大字池戸1750番地１,3,34.2923229376913,134.123845130429,,,,,,
363,香川県,37,いわき病院,医療法人社団　以和貴会,香川県高松市香南町由佐113番地１,3,34.2369089334513,134.021695251991,,,,,,
364,香川県,37,総合病院回生病院,社会医療法人財団　大樹会,香川県坂出市室町三丁目５番28号,3,34.3178139752724,133.86170004358,,,,,,1
365,香川県,37,三豊市立西香川病院,三豊市,香川県三豊市高瀬町比地中2986番地３,3,34.1744704194747,133.702244158602,,,,,,
366,愛媛県,38,愛媛大学医学部附属病院,国立大学法人　愛媛大学,愛媛県東温市志津川454,2,33.8033195735314,132.87982930896,,,,,,1
367,愛媛県,38,四国中央病院,公立学校共済組合,愛媛県四国中央市川之江町2233番地,3,34.0113895059958,133.581605225115,,,,,,1
368,愛媛県,38,十全ユリノキ病院,医療法人　十全会,愛媛県新居浜市角野新田町1丁目1番28号,3,33.9322000645963,133.316293325112,,,,,,
369,愛媛県,38,正光会今治病院,公益財団法人　正光会,愛媛県今治市高市甲786番地13,3,34.0272517895493,133.01464649628,,,,,,
370,愛媛県,38,砥部病院,医療法人　誠志会,愛媛県砥部町麻生40番地1,3,33.7812843695884,132.790445408645,,,,,,1
371,愛媛県,38,平成病院,医療法人　静心会,愛媛県大洲市柚木811番地1,3,33.5036164691353,132.559960767716,1,,,,,
372,愛媛県,38,正光会宇和島病院,公益財団法人　正光会,愛媛県宇和島市柿原1280番地,3,33.2372034298674,132.583993801208,1,,,,,
373,高知県,39,高知大学医学部附属病院,国立大学法人　高知大学,高知県南国市岡豊町小蓮185-1,1,33.5944854376508,133.614171596784,,,,,,
374,高知県,39,高知県立あき総合病院,,高知県安芸市宝永町3-33,3,33.5061758795462,133.897451069273,1,,,,,1
375,高知県,39,高知鏡川病院,医療法人　武田会,高知県高知市城山町270,3,33.5514773909107,133.511910137443,,,,,,
376,高知県,39,一陽病院,医療法人　南江会,高知県須崎市赤崎町9-3,3,33.4126634176538,133.286015307894,1,,,,,
377,高知県,39,渡川病院,医療法人　一条会,高知県四万十市具同2278-1,3,32.982952787771,132.921931438478,,,,1,,1
378,福岡県,40,水戸病院,医療法人社団　緑風会,福岡県志免町志免東4-1-1,3,33.5847554278596,130.492390301863,,,,,,
379,福岡県,40,宗像病院,医療法人　光風会,福岡県宗像市光岡130,3,33.7874293188544,130.559164053174,,,,,,
380,福岡県,40,牧病院,医療法人　牧和会,福岡県筑紫野市大字永岡976-1,3,33.4717739494544,130.540041024518,,,,,,
381,福岡県,40,朝倉記念病院,医療法人社団　うら梅の郷会,福岡県筑前町大久保500,3,33.4319782196383,130.613820767419,,,,,,
382,福岡県,40,久留米大学病院,学校法人　久留米大学,福岡県久留米市旭町67,3,33.3278330204159,130.511014943296,,,,,,
383,福岡県,40,植田病院,医療法人　清友会,福岡県筑後市大字西牟田6359-3,3,33.2419766022556,130.49971564616,,,,,,
384,福岡県,40,大牟田病院,独立行政法人　国立病院機構,福岡県大牟田市大字橘1044-1,3,33.0728048208097,130.472928696239,1,,,,,
385,福岡県,40,飯塚記念病院,医療法人社団　豊永会,福岡県飯塚市鶴三緒1452-2,3,33.6248879751934,130.696490231377,,,,,,
386,福岡県,40,見立病院,医療法人　昌和会,福岡県田川市大字弓削田3237,3,33.6359872346028,130.774913987942,1,,,,,
387,福岡県,40,行橋記念病院,医療法人社団　翠会,福岡県行橋市北泉3-11-1,3,33.7167141248509,130.990298640446,,,,,,
388,福岡県,40,高山病院,医療法人　福翠会,福岡県直方市下境3910-50,3,33.7201150218164,130.734232231071,,,,,,
389,佐賀県,41,佐賀大学医学部附属病院,国立大学法人　佐賀大学,佐賀県佐賀市鍋島五丁目1番1号,1,33.2843972832319,130.266983333555,,,,,,
390,佐賀県,41,肥前精神医療センター,独立行政法人　国立病院機構,佐賀県神埼郡吉野ヶ里町三津160番地,3,33.3465309357739,130.385781967415,,,,,,
391,佐賀県,41,嬉野温泉病院,医療財団法人　友朋会,佐賀県嬉野市嬉野町大字下宿乙1919番地,3,33.1011257728288,129.975304325752,,,,,,
392,佐賀県,41,河畔病院,医療法人　松籟会,佐賀県唐津市松南町2番55号,3,33.4385608468512,129.996716454723,,,,1,,
393,佐賀県,41,堀田病院,医療法人　博友会,佐賀県伊万里市立花町2974番地５,4,33.2693145110994,129.88655753737,,,,1,,1
394,長崎県,42,長崎大学病院,国立大学法人　長崎大学,長崎県長崎市坂本町1丁目7番1号,1,32.7697174425052,129.868727987967,,,,,,
395,長崎県,42,出口病院,医療法人　昌生会,長崎県長崎市柿泊町2250番地,3,32.7774319089008,129.820014967595,,,,,,
396,長崎県,42,佐世保中央病院,社会医療法人財団　白十字会,長崎県佐世保市大和町15番地,3,33.1573660528745,129.749036745622,,,,,,
397,長崎県,42,諫早総合病院,独立行政法人　地域医療機能推進機構,長崎県諫早市永昌東町24番1号,3,32.855329873521,130.041983311574,,,,,,1
398,長崎県,42,島原保養院,医療法人　済家会,長崎県島原市南下川尻町8189番地2,3,32.7668883283655,130.365067259313,1,,,1,,
403,熊本県,43,くまもと心療病院,医療法人　再生会,熊本県宇土市松山町1901番地,3,32.6702291281471,130.67109166048,,,,1,,
404,熊本県,43,荒尾こころの郷病院,医療法人　洗心会,熊本県荒尾市荒尾1992番地,3,32.9732485443089,130.43942386535,,,,,,
405,熊本県,43,山鹿回生病院,医療法人　回生会,熊本県山鹿市古閑1500-1,3,33.0053662656976,130.706585507877,2,,,,,
406,熊本県,43,菊池病院,独立行政法人　国立病院機構,熊本県合志市福原208番地,3,32.886332663975,130.822114225067,,,,,,
407,熊本県,43,阿蘇やまなみ病院,医療法人　高森会,熊本県阿蘇市一の宮町宮地115-1,3,32.951602573481,131.117428553906,,,,,,1
408,熊本県,43,益城病院,社会医療法人　ましき会,熊本県上益城郡益城町馬水123,3,32.7894871348157,130.800728525063,,,,,,1
409,熊本県,43,平成病院,医療法人社団　平成会,熊本県八代市大村町720-1,3,32.5144471136936,130.617210531366,,,,,,
410,熊本県,43,人吉こころのホスピタル,医療法人　精翠会,熊本県人吉市下城本町1501,3,32.2156462351453,130.74198807195,,,,,,1
411,熊本県,43,天草病院,医療法人　天草病院,熊本県天草市佐伊津町5789,3,32.5022233351966,130.191757802985,1,,,1,,1
412,熊本県,43,みずほ病院,医療法人　正仁会,熊本県水俣市袋705番地14,4,32.187709810482,130.377185615438,1,,,,,1
413,大分県,44,向井病院,医療法人　慈愛会,大分県別府市大字南立石２４１番地１５,3,33.2903783428157,131.459012881039,,,,,,
414,大分県,44,緑ヶ丘保養園,医療法人社団　淵野会,大分県大分市丹生１７４７番地,3,33.2181589685049,131.70331982676,,,,,,
415,大分県,44,長門記念病院,社会医療法人　長門莫記念会,大分県佐伯市鶴岡町１丁目１１番５９号,3,32.9588431713244,131.881657453906,1,,,,,1
416,大分県,44,加藤病院,医療法人　雄仁会,大分県竹田市大字竹田１８５５番地,3,32.9705669015276,131.392509054004,1,,,,,1
417,大分県,44,上野公園病院,医療法人　百花会,大分県日田市大字高瀬字篠原２２２６-１,3,33.2998013343986,130.923539994912,2,,,,,1
418,大分県,44,千嶋病院,医療法人　積善会,大分県豊後高田市呉崎７３８番地１,3,33.5757737924427,131.434134026563,1,,,1,,
419,大分県,44,河野脳神経外科病院,医療法人　久真会,大分県大分市大字森町字花ノ木通５１１-１,4,33.2274770202559,131.680382942811,,,,,,
420,大分県,44,白川病院,医療法人　末広,大分県臼杵市大字末広９３８番地,4,33.1368253995568,131.769242478859,1,,,,,1
421,宮崎県,45,野崎病院,一般財団法人　弘潤会,宮崎県宮崎県宮崎市大字恒久5567,3,31.8880177836033,131.405201280846,,,,,,
422,宮崎県,45,県南病院,医療法人　十善会,宮崎県宮崎県串間市大字西方3728,3,31.474008171873,131.233491775275,1,,,1,,1
423,宮崎県,45,大悟病院,一般社団法人　藤元メディカルシステム,宮崎県宮崎県北諸県郡三股町大字長田1270,3,31.7431353781488,131.132979396184,,,,,,
424,宮崎県,45,協和病院,医療法人　向洋会,宮崎県宮崎県日向市大字財光寺1194-3,3,32.4088567004137,131.636493896212,,,,,,
425,宮崎県,45,吉田病院,医療法人　建悠会,宮崎県宮崎県延岡市松原町４丁目8850,3,32.5200671877652,131.681778705249,,,,,,
426,宮崎県,45,内村病院,医療法人　浩然会,宮崎県小林市水流迫852番地1,4,31.9935541692674,130.994929555713,,,,,,
427,鹿児島県,46,鹿児島大学病院,国立大学法人　鹿児島大学,鹿児島県鹿児島市桜ヶ丘8丁目35番1号,2,31.5473865036889,130.527990553848,,,,,,
428,鹿児島県,46,谷山病院,公益財団法人　慈愛会,鹿児島県鹿児島市小原町8番1号,3,31.5410036731819,130.531852662154,,,,,,
429,鹿児島県,46,パールランド病院,医療法人　猪鹿倉会,鹿児島県鹿児島市犬迫町2253番地,3,31.6234087668408,130.504405525015,,,,,,
430,鹿児島県,46,ウエルフェア九州病院,社会医療法人　慈生会,鹿児島県枕崎市白沢北町191番地,3,31.2591493315889,130.351469982672,1,,,1,,
431,鹿児島県,46,宮之城病院,医療法人　博仁会,鹿児島県薩摩郡さつま町船木34番地,3,31.8942795468092,130.452736767354,1,,,,,
432,鹿児島県,46,荘記念病院,医療法人　互舎会,鹿児島県出水市高尾野町下水流862番地１,3,32.0888608354248,130.285280625034,,,,,,
433,鹿児島県,46,松下病院,医療法人　仁心会,鹿児島県霧島市隼人町真孝998番地,3,31.7301852478151,130.731794125019,,,,,,
434,鹿児島県,46,あいらの森ホスピタル,医療法人　永光会,鹿児島県姶良郡湧水町北方1854番地,3,31.9577354683898,130.712951096193,1,,,,,
435,鹿児島県,46,病院芳春苑,医療法人　左右会,鹿児島県志布志市志布志町安楽3008番地5,4,31.5038142745858,131.088001857345,1,,,1,,
437,鹿児島県,46,メンタルホスピタル鹿屋,公益社団法人　いちょうの樹,鹿児島県鹿屋市田崎町1043番地1,3,31.3672034741772,130.871462153841,,,,1,,
438,鹿児島県,46,奄美病院,公益財団法人　慈愛会,鹿児島県奄美市名瀬浜里町170番地,3,28.3969784135679,129.471996853726,1,,1,,,1
439,沖縄県,47,琉球大学病院,国立大学法人　琉球大学,沖縄県西原町字上原207番地,1,26.2418946154758,127.758664338305,,,,,,
440,沖縄県,47,宮里病院,医療法人　タピック,沖縄県名護市字宇茂佐1763－2,3,26.6086251462701,127.964712915849,,,,,,
441,沖縄県,47,沖縄リハビリテーションセンター病院,医療法人　タピック,沖縄県沖縄市比屋根2丁目15-1,3,26.3148510185266,127.824037682778,,,,,,
442,沖縄県,47,嬉野が丘サマリヤ人病院,医療法人社団　輔仁会,沖縄県南風原町字新川460番地,3,26.2097754769775,127.728434424812,,,,,,
443,沖縄県,47,天久台病院,医療法人　天仁会,沖縄県那覇市字天久1123番地,3,26.2315750191948,127.683214854067,,,,,,
444,沖縄県,47,うむやすみゃあす・ん診療所,医療法人　たぶの木,沖縄県宮古島市平良字下里1477-4,4,24.7871422566731,125.287539895928,2,,1,,,
445,沖縄県,47,ぬちぐすい診療所,,沖縄県石垣市登野城623-6,4,24.3366876632713,124.166926092937,,,1,,,
446,札幌市,1,札幌医科大学附属病院,,北海道札幌市中央区南１条西16丁目291番地,3,43.0561459173012,141.332910596931,,,,,1,
447,札幌市,1,北海道医療センター,独立行政法人　国立病院機構,北海道札幌市西区山の手５条７丁目１番１号,3,43.0689937577484,141.290276496717,,,,,1,
448,仙台市,4,いずみの杜診療所,医療法人社団　清山会,宮城県仙台市泉区松森字下町8-1,4,38.3165507035074,140.914634431394,,,,,,
449,仙台市,4,仙台西多賀病院,独立行政法人　国立病院機構,宮城県仙台市太白区鈎取本町2-11-11,3,38.2269276153386,140.835133509965,,,,,,
450,仙台市,4,東北医科薬科大学病院,学校法人　東北医科薬科大学,宮城県仙台市宮城野区福室1-12-1,3,38.2694003305312,140.966897139594,,,,,,
451,仙台市,4,東北福祉大学せんだんホスピタル,学校法人　栴檀学園,宮城県仙台市青葉区国見ヶ丘6-65-8,3,38.2872234080894,140.833288396475,,,,,,
452,さいたま市,11,埼玉精神神経センター,社会福祉法人　シナプス,埼玉県さいたま市中央区本町東6-11-1,3,35.8941359878274,139.617375812946,,,,,,
453,千葉市,12,千葉大学医学部附属病院,国立大学法人　千葉大学,千葉県千葉市中央区亥鼻1-8-1,3,35.6052472896058,140.128963972928,,,,,,
454,横浜市,14,済生会横浜市東部病院,社会福祉法人　恩賜財団済生会支部神奈川県済生会,神奈川県横浜市鶴見区下末吉3-6-1,3,35.524106328348,139.675592534738,,,,,,
455,横浜市,14,横浜市立みなと赤十字病院,横浜市（指定管理者：日本赤十字社）,神奈川県横浜市中区新山下3-12-1,3,35.4363632332131,139.664028770164,,,,,,
456,横浜市,14,横浜ほうゆう病院,医療法人社団　鵬友会,神奈川県横浜市旭区金が谷644-1,3,35.478378169503,139.510338754852,,,,,,
457,横浜市,14,横浜市立大学附属病院,公立大学法人　横浜市立大学,神奈川県横浜市金沢区福浦3-9,3,35.3443194707197,139.650572654764,,,,,,
458,横浜市,14,横浜市総合保健医療センター診療所,公益財団法人　横浜市総合保健医療財団,神奈川県横浜市港北区鳥山町1735,4,35.5100674614762,139.609166426263,,,,,,
459,横浜市,14,横浜総合病院,医療法人社団　緑成会,神奈川県横浜市青葉区鉄町2201-5,3,35.5701325563824,139.526977785592,,,,,,
460,横浜市,14,横浜舞岡病院,医療法人　積愛会,神奈川県横浜市戸塚区舞岡町3482,3,35.4103580529331,139.552496709933,,,,,,
461,横浜市,14,横浜栄共済病院,国家公務員共済組合連合会,神奈川県横浜市栄区桂町132,3,35.3625117127205,139.551167853167,,,,,,
462,横浜市,14,横浜相原病院,医療法人社団　哺育会,神奈川県横浜市瀬谷区阿久和南2-3-12,3,35.4465294169103,139.503415781282,,,,,,
463,川崎市,14,日本医科大学武蔵小杉病院,街ぐるみ認知症相談センター 学校法人　日本医科大学,神奈川県川崎市中原区小杉町１－３８３,3,35.580452891331,139.658085177683,,,,,,
464,川崎市,14,川崎市立川崎病院,認知症疾患医療センター 川崎市,神奈川県川崎市川崎区新川通１２－１,3,35.5263744128574,139.706186715545,,,,,,
465,川崎市,14,聖マリアンナ医科大学病院,認知症（老年精神疾患）治療研究センター 学校法人　聖マリアンナ医科大学,神奈川県川崎市宮前区菅生２－１６－１,3,35.6004279337398,139.548815624171,,,,,,
466,川崎市,14,かわさき記念病院,認知症疾患医療センター 医療法人　三星会,神奈川県川崎市宮前区潮見台２０－１,3,35.5931339238066,139.530642501766,,,,,,
467,相模原市,14,北里大学病院,学校法人　北里研究所,神奈川県相模原市南区北里1-15-1,3,35.5379834807109,139.393176995482,,,,,,
468,相模原市,14,総合相模更生病院,社会福祉法人　ワゲン福祉会,神奈川県相模原市中央区小山3429,4,35.5809741160787,139.372795141376,,,,,,
469,新潟市,15,白根緑ケ丘病院,医療法人社団　敬成会,新潟県新潟市南区西白根４１,3,37.7533271694282,139.004489653396,,,,,1,
470,新潟市,15,総合リハビリテーションセンター・みどり病院,医療法人　新成医会,新潟県新潟市中央区神道寺２丁目５番１号,3,37.8969334710551,139.054953821988,,,,,1,
471,静岡市,22,静岡てんかん・神経医療センター,独立行政法人　国立病院機構,静岡県静岡市葵区漆山886,3,35.0192610926256,138.397631197967,,,,,,
472,静岡市,22,溝口病院,医療法人社団　リラ,静岡県静岡市葵区長沼647,3,34.9882875830666,138.413121182498,,,,,,
473,静岡市,22,静岡市立清水病院,静岡市,静岡県静岡市清水区宮加三1231,3,34.9829009602712,138.490048244873,,,,,,
474,浜松市,22,聖隷三方原病院,社会福祉法人 聖隷福祉事業団,静岡県浜松市中央区三方原町3453,1,34.7921806323189,137.690524589452,,,,,,
475,名古屋市,23,名鉄病院,名古屋鉄道健康保険組合,愛知県名古屋市西区栄生２－２６－１１,3,35.1847454037531,136.8724086767,,,,,,
476,名古屋市,23,まつかげシニアホスピタル,医療法人　生生会,愛知県名古屋市中川区打出二丁目３４７,3,35.1349020430345,136.839284120047,,,,,,
477,名古屋市,23,もりやま総合心療病院,医療法人　八誠会,愛知県名古屋市守山区町北１１－５０,3,35.2006404500737,136.954884512575,,,,,,
478,名古屋市,23,八事病院,医療法人　資生会,愛知県名古屋市天白区塩釜口一丁目４０３,3,35.1360828355004,136.978298082088,,,,,,
479,名古屋市,23,あいせい紀年病院,医療法人　愛精会,愛知県名古屋市南区曽池町四丁目２８番地,3,35.103677194719,136.928118541789,,,,,,
480,名古屋市,23,偕行会城西病院,医療法人　偕行会 ,愛知県名古屋市中村区北畑町4丁目1番地,4,35.1585737380275,136.865473303054,,,,,,
481,名古屋市,23,藤が丘さくらなみきクリニック,,愛知県名古屋市名東区藤見が丘25-2　藤が丘ﾒﾃﾞｨｶﾙｽﾃｰｼｮﾝ２F,4,35.1805011893326,137.023337608217,,,,,,
482,京都市,26,北山病院,医療法人　三幸会,京都府京都市左京区岩倉上蔵町123番地,3,35.0798162726061,135.781076251633,,,,,,
483,大阪市,27,大阪市立弘済院附属病院,大阪市,大阪府吹田市古江台6-2-1,3,34.8078091992424,135.512425814903,,,,,,
484,大阪市,27,ほくとクリニック病院,社会医療法人　北斗会,大阪府大阪市大正区三軒家西1-18-7,3,34.6649232176155,135.477928218011,,,,,,
485,大阪市,27,大阪公立大学医学部附属病院,公立大学法人　大阪,大阪府大阪市阿倍野区旭町1-5-7,3,34.6468889017584,135.50887882478,,,,,,
486,大阪市,27,松本診療所,医療法人　圓生会,大阪府大阪市旭区新森5-3-22,4,34.7185889279544,135.559371025845,,,,,,
487,大阪市,27,大阪府済生会野江病院,社会福祉法人　恩賜財団済生会支部大阪府済生会,大阪府大阪市城東区古市1-3-25,4,34.7066285090368,135.55499069841,,,,,,
488,大阪市,27,葛本医院,医療法人　葛本医院,大阪府大阪市東住吉区北田辺4-11-21,4,34.6331864135432,135.525884469782,,,,,,
489,堺市,27,浅香山病院,公益財団法人　浅香山病院,大阪府堺市堺区今池町3-3-16,3,34.5859015620883,135.491528968596,,,,,,
490,堺市,27,阪南病院,医療法人　杏和会,大阪府堺市中区八田南之町277番地,3,34.5214294945025,135.487483739492,,,,,,
491,神戸市,28,神戸大学医学部附属病院,国立大学法人,兵庫県神戸市中央区楠町７丁目５－２,3,34.685472161888,135.171257995903,,,,,,
492,神戸市,28,甲南医療センター,公益財団法人　甲南会,兵庫県神戸市東灘区鴨子ヶ原１－５－１６,3,34.7290036843318,135.251670470155,,,,,,
493,神戸市,28,神戸百年記念病院,医療法人社団　顕鐘会,兵庫県神戸市兵庫区御崎町１－９－１,3,34.658821249962,135.168646458668,,,,,,
494,神戸市,28,新生病院,医療法人　実風会,兵庫県神戸市西区伊川谷町潤和字横尾238-475,3,34.6823522796074,135.005521152251,,,,,,
495,神戸市,28,兵庫県立ひょうごこころの医療センター,,兵庫県神戸市北区山田町上谷上字登り尾３,3,34.7642459947713,135.17056540986,,,,,,
496,神戸市,28,宮地病院,医療法人　明倫会,兵庫県神戸市東灘区本山中町４－１－８,3,34.7250027643388,135.281106918943,,,,,,
497,神戸市,28,神戸市立医療センター西市民病院,地方独立行政法人　神戸市民病院機構,兵庫県神戸市長田区一番町２丁目４番地,3,34.6673065434912,135.156962362521,,,,,,
498,岡山市,33,岡山赤十字病院,日本赤十字社,岡山県岡山市北区青江二丁目1番1号,3,34.6355992790187,133.9232281672,,,,,,
499,広島市,34,こころホスピタル草津,医療法人社団　更生会,広島県広島市西区草津梅が台10番1号,3,34.3781737244416,132.394760393411,,,,,,
500,広島市,34,瀬野川病院,医療法人　せのがわ,広島県広島市安芸区中野東四丁目11番13号,3,34.397024066171,132.578052480982,,,,,,
501,広島市,34,安佐市民病院,地方独立行政法人広島市立病院機構,広島県広島市安佐北区亀山南一丁目２番１号,3,34.5164410348867,132.497003741795,,,,,,
502,北九州市,40,小倉蒲生病院,医療法人　小倉蒲生病院,福岡県北九州市小倉南区蒲生５－５－１,3,33.8380518283892,130.860120939728,,,,,,
503,北九州市,40,産業医科大学病院,学校法人　産業医科大学,福岡県北九州市八幡西区医生ケ丘１－１,3,33.8778930423195,130.713860183947,,,,,,
504,北九州市,40,たつのおとしごクリニック,社会福祉法人　年長者の里,福岡県北九州市八幡東区大蔵３－２－１,4,33.856912119116,130.816881099629,,,,,,
505,北九州市,40,三原デイケア＋クリニックりぼん・りぼん,医療法人　りぼん・りぼん,福岡県北九州市小倉北区宇佐町１－９－３０,4,33.8759368961876,130.891473990164,,,,,,
506,北九州市,40,かん養生クリニック,医療法人　かん養生クリニック,福岡県北九州市小倉南区湯川新町３－７－１,4,33.8419804721112,130.902750502671,,,,,,
507,福岡市,40,九州大学病院,国立大学法人　九州大学,福岡県福岡市東区馬出3-1-1,3,33.6098134726124,130.415753587856,,,,,,
508,福岡市,40,福岡大学病院,学校法人　福岡大学,福岡県福岡市城南区七隈7-45-1,3,33.5476394706419,130.359803949922,,,,,,
509,熊本市,43,くまもと青明病院,一般財団法人　杏仁会,熊本県熊本市中央区渡鹿5丁目1番37号,3,32.810475299393,130.730062011976,,,,,,
